color,root,knock,pattern,navel,touch,density,sugar,ripe
гЮбл,РИкУ,вгоЛ,гЕнЗ,╟╪ощ,с╡╩╛,0.697,0.46,0
нз╨з,РИкУ,Ёацф,гЕнЗ,╟╪ощ,с╡╩╛,0.774,0.376,0
нз╨з,РИкУ,вгоЛ,гЕнЗ,╟╪ощ,с╡╩╛,0.634,0.264,0
гЮбл,РИкУ,Ёацф,гЕнЗ,╟╪ощ,с╡╩╛,0.608,0.318,0
гЁ╟в,РИкУ,вгоЛ,гЕнЗ,╟╪ощ,с╡╩╛,0.556,0.215,0
гЮбл,итРИ,вгоЛ,гЕнЗ,ит╟╪,хМуЁ,0.403,0.237,0
нз╨з,итРИ,вгоЛ,ит╨Щ,ит╟╪,хМуЁ,0.481,0.149,0
нз╨з,итРИ,вгоЛ,гЕнЗ,ит╟╪,с╡╩╛,0.437,0.211,0
нз╨з,итРИ,Ёацф,ит╨Щ,ит╟╪,с╡╩╛,0.666,0.091,1
нз╨з,с╡м╕,гЕ╢Ю,гЕнЗ,ф╫л╧,хМуЁ,0.243,0.267,1
гЁ╟в,с╡м╕,гЕ╢Ю,дё╨Щ,ф╫л╧,с╡╩╛,0.245,0.057,1
гЁ╟в,РИкУ,вгоЛ,дё╨Щ,ф╫л╧,хМуЁ,0.343,0.099,1
гЮбл,итРИ,вгоЛ,ит╨Щ,╟╪ощ,с╡╩╛,0.639,0.161,1
гЁ╟в,итРИ,Ёацф,ит╨Щ,╟╪ощ,с╡╩╛,0.657,0.198,1
нз╨з,итРИ,вгоЛ,гЕнЗ,ит╟╪,хМуЁ,0.36,0.37,1
гЁ╟в,РИкУ,вгоЛ,дё╨Щ,ф╫л╧,с╡╩╛,0.593,0.042,1
гЮбл,РИкУ,Ёацф,гЕнЗ,ит╟╪,с╡╩╛,0.719,0.103,1
