╠Ю╨е,и╚тС,╦Ы╣ы,гциЫ,нфюМ,фЙ╡©,╢╔╦п,╨ц╧о
0,гЮбл,РИкУ,вгоЛ,гЕнЗ,╟╪ощ,с╡╩╛,0
1,нз╨з,РИкУ,Ёацф,гЕнЗ,╟╪ощ,с╡╩╛,0
2,нз╨з,РИкУ,вгоЛ,гЕнЗ,╟╪ощ,с╡╩╛,0
3,гЮбл,РИкУ,Ёацф,гЕнЗ,╟╪ощ,с╡╩╛,0
4,гЁ╟в,РИкУ,вгоЛ,гЕнЗ,╟╪ощ,с╡╩╛,0
5,гЮбл,итРИ,вгоЛ,гЕнЗ,ит╟╪,хМуЁ,0
6,нз╨з,итРИ,вгоЛ,ит╨Щ,ит╟╪,хМуЁ,0
7,нз╨з,итРИ,вгоЛ,гЕнЗ,ит╟╪,с╡╩╛,0
8,нз╨з,итРИ,Ёацф,ит╨Щ,ит╟╪,с╡╩╛,1
9,гЮбл,с╡м╕,гЕ╢Ю,гЕнЗ,ф╫л╧,хМуЁ,1
10,гЁ╟в,с╡м╕,гЕ╢Ю,дё╨Щ,ф╫л╧,с╡╩╛,1
11,гЁ╟в,РИкУ,вгоЛ,дё╨Щ,ф╫л╧,хМуЁ,1
12,гЮбл,итРИ,вгоЛ,ит╨Щ,╟╪ощ,с╡╩╛,1
13,гЁ╟в,итРИ,Ёацф,ит╨Щ,╟╪ощ,с╡╩╛,1
14,нз╨з,итРИ,вгоЛ,гЕнЗ,ит╟╪,хМуЁ,1
15,гЁ╟в,РИкУ,вгоЛ,дё╨Щ,ф╫л╧,с╡╩╛,1
16,гЮбл,РИкУ,Ёацф,ит╨Щ,ит╟╪,с╡╩╛,1
